{
  "cer_ci95": {
    "high": 0.5452206154042631,
    "low": 0.4153524686871137
  },
  "mean_cer": 0.48043980474078335,
  "mean_wer": 0.5479747376806201,
  "row_count": 240,
  "strategy_summary": {
    "acoustic_salience": {
      "cer_ci95": {
        "high": 0.5849992835696687,
        "low": 0.2633946219599228
      },
      "mean_cer": 0.4227784200681183,
      "mean_wer": 0.5068097098979452,
      "row_count": 30,
      "wer_ci95": {
        "high": 0.6850757771640125,
        "low": 0.33262705921529456
      }
    },
    "baseline": {
      "cer_ci95": {
        "high": 0.4904706226772883,
        "low": 0.1727682536957741
      },
      "mean_cer": 0.32403324438327064,
      "mean_wer": 0.38312823124587836,
      "row_count": 30,
      "wer_ci95": {
        "high": 0.5535540848040849,
        "low": 0.23570645041233276
      }
    },
    "energy_salience": {
      "cer_ci95": {
        "high": 0.588081312486457,
        "low": 0.25799716713700727
      },
      "mean_cer": 0.42072875507721047,
      "mean_wer": 0.48912556234615046,
      "row_count": 30,
      "wer_ci95": {
        "high": 0.6805255577755577,
        "low": 0.30894446566505385
      }
    },
    "linear_selector_v1": {
      "cer_ci95": {
        "high": 0.6342702808443119,
        "low": 0.26365777833573384
      },
      "mean_cer": 0.4426653417059233,
      "mean_wer": 0.5213047165253047,
      "row_count": 30,
      "wer_ci95": {
        "high": 0.7374938819350584,
        "low": 0.3221955266955267
      }
    },
    "patch": {
      "cer_ci95": {
        "high": 0.9672496663588822,
        "low": 0.9172845044398759
      },
      "mean_cer": 0.9424702005296036,
      "mean_wer": 0.9986666666666667,
      "row_count": 30,
      "wer_ci95": {
        "high": 1.0,
        "low": 0.9960000000000001
      }
    },
    "trained_selector_v1": {
      "cer_ci95": {
        "high": 0.5947123862368294,
        "low": 0.2538142103603119
      },
      "mean_cer": 0.41804908331593077,
      "mean_wer": 0.4809638074343956,
      "row_count": 30,
      "wer_ci95": {
        "high": 0.668392968142968,
        "low": 0.3039109158815041
      }
    },
    "uniform": {
      "cer_ci95": {
        "high": 0.6007213805568166,
        "low": 0.2750409145274714
      },
      "mean_cer": 0.43539915234279725,
      "mean_wer": 0.49934625178742825,
      "row_count": 30,
      "wer_ci95": {
        "high": 0.6683308913308912,
        "low": 0.3304135864135863
      }
    },
    "vad_salience": {
      "cer_ci95": {
        "high": 0.6392124375179656,
        "low": 0.25467699214961365
      },
      "mean_cer": 0.4373942405034102,
      "mean_wer": 0.5044529555411909,
      "row_count": 30,
      "wer_ci95": {
        "high": 0.7208906012288365,
        "low": 0.31290075773899306
      }
    }
  },
  "wer_ci95": {
    "high": 0.6127208706326354,
    "low": 0.48614143434180185
  }
}